authors	year	title	journal	publication_type	volume	issue	pages	doi	zenodoId	zenodoDoi	id	contentId	zenodoResponseCorpusId
van der Wulp, F.M.	1896	Catalogue of the described Diptera from South Asia. 222 pp.		Book					10773482	https://doi.org/10.5281/zenodo.10773482	urn:lsid:taxodros.uzh.ch:id:wulp%2C%201896	hash://md5/3bd1d1159b274c7d902c49647071fee8	hash://md5/75ae24a68a2b67c2932cb0f38a4f7e7c
Wheeler, T.A.	2010	Camillidae (camllid flies) In: Brown, B.V. et al., Manual of Central American Diptera, Vol. 2, pp. 1193-1195.		Book chapter					10773007	https://doi.org/10.5281/zenodo.10773007	urn:lsid:taxodros.uzh.ch:id:wheeler%2C%202010	hash://md5/2d88ef5e285d154560f86a31180f6ce7	hash://md5/75ae24a68a2b67c2932cb0f38a4f7e7c
Winans, N.J. | Walter, A.	2017	A genomic investigation of ecological differentiation between free-living and Drosophila-associated bacteria.	Molec. Ecol.	Journal article	26	17	4536Ð4550	https://doi.org/10.1111/mec.14232	10773239		urn:lsid:taxodros.uzh.ch:id:winans%20et%20al.%2C%202017	hash://md5/21788193c7c71b3ae4cb401d28677c10	hash://md5/75ae24a68a2b67c2932cb0f38a4f7e7c
Wang, Q.	2021	Behavioral and physiological responses of Drosophila melanogaster and D. suzukii to volatiles from plant essential oils.	Pest Management Science	Journal article	77		3698Ð3705	https://doi.org/10.1002/ps.6282	10772417		urn:lsid:taxodros.uzh.ch:id:wang%20et%20al.%2C%202021c	hash://md5/cd62f409ecd5c25a0d9c38da4c2d948d	hash://md5/75ae24a68a2b67c2932cb0f38a4f7e7c
Wheeler, M.R. | Takada, H.	1964	Insects of Micronesia. Diptera: Drosophilidae.	Bernice P. Bishop Museum Special Publication	Journal article	14	6	163-242		10772913	https://doi.org/10.5281/zenodo.10772913	urn:lsid:taxodros.uzh.ch:id:wheeler%20%26%20takada%2C%201964	hash://md5/ca225d863f792d619b50bf18b19799c8	hash://md5/75ae24a68a2b67c2932cb0f38a4f7e7c
Watabe, H.-a.	1984	Microdistribution and Phenology in Domestic Species of Drosophila in and near a Brewery in Sapporo, Northern Japan.	Journal of Hokkaido University of Education [Hokkaido Kyoiku Daigaku Kiyo]	Journal article	34	Sect.2B	41-52		10772612	https://doi.org/10.5281/zenodo.10772612	urn:lsid:taxodros.uzh.ch:id:watabe%2C%201984a	hash://md5/84c18ad6afc95606a3864176640c8541	hash://md5/75ae24a68a2b67c2932cb0f38a4f7e7c
Wolf, S. | Baur, H. | Collatz, J.	2019	Life history of Vrestovia fidenas, a potential control agent of Drosophila suzukii.	BioControl. Journal of the International Organization for Biological Control	Journal article	64		263-275	https://doi.org/10.1007/s10526-019-09933-5	10773348		urn:lsid:taxodros.uzh.ch:id:wolf%20et%20al.%2C%202019	hash://md5/b9c1204cb6e3e12f7166374384adfd17	hash://md5/75ae24a68a2b67c2932cb0f38a4f7e7c
Weisser, W.W. | Zhang, Z.Q.	1996	Infestation of Drosophila cultures (Diptera: Drosophilidae) by mites of Proctolaelaps (Acari: Ascidae) and experiments on mite feeding habits.	Systematic and Applied Acarology	Journal article	1		41-44		10772794	https://doi.org/10.5281/zenodo.10772794	urn:lsid:taxodros.uzh.ch:id:weisser%20%26%20zhang%2C%201996	hash://md5/6cdc1b595cfec097ab98408eaa8b139f	hash://md5/75ae24a68a2b67c2932cb0f38a4f7e7c
Wilson, J.K.	2022	Predicting the Risk of Tart Cherry (Prunus cerasus) Infestation by Drosophila suzukii (Diptera: Drosophilidae).	Journal of Economic Entomology	Journal article	115	4	1024Ð1028	https://doi.org/10.1093/jee/toac024	10773225		urn:lsid:taxodros.uzh.ch:id:wilson%20et%20al.%2C%202022	hash://md5/0f3955ae22da47157734541ac181722d	hash://md5/75ae24a68a2b67c2932cb0f38a4f7e7c
Wallace, B. | Dobzhansky, T.	1946	Experiments on sexual isolation in Drosophila. VII. Influence of light on the mating behavior of Drosophila subobscura, Drosophila persimilis and Drosophila pseudoobscura.	Proceedings of the National Academy of Sciences of the United States of America	Journal article	32		226-234		10772288	https://doi.org/10.5281/zenodo.10772288	urn:lsid:taxodros.uzh.ch:id:wallace%20%26%20dobzhansky%2C%201946	hash://md5/996e188ef77dd4d72f15816679543348	hash://md5/75ae24a68a2b67c2932cb0f38a4f7e7c
Walsh, B.S. | Parratt, S.R. | Snook, R.R. | Bretman, A. | Atkinson, D. | Price, T.A.R.	2022	Female fruit flies cannot protect stored sperm from high temperature damage.	J. Thermal Biol.	Journal article	105	103209	1-6	https://doi.org/10.1016/j.jtherbio.2022.103209	10772337		urn:lsid:taxodros.uzh.ch:id:walsh%20et%20al.%2C%202022	hash://md5/29367cfc9db1daaee6e17a41f765094c	hash://md5/75ae24a68a2b67c2932cb0f38a4f7e7c
Watada, M. | Itoh, M.	1999	Distribution of Drosophila in Okinawa and Sakishima Islands, Japan.	Drosophila Information Service	Journal article	82		50-53		10772634	https://doi.org/10.5281/zenodo.10772634	urn:lsid:taxodros.uzh.ch:id:watada%20%26%20itoh%2C%201999	hash://md5/e2833c336b8eb8726f960192c7de67e7	hash://md5/75ae24a68a2b67c2932cb0f38a4f7e7c
Wohler, C.	2015	Kirschessigfliege - die Sage macht den Unterschied.	Umwelt Aargau	Journal article	67		33-35		10773323	https://doi.org/10.5281/zenodo.10773323	urn:lsid:taxodros.uzh.ch:id:wohler%2C%202015	hash://md5/7b4bce2dd0c26fe3eae672b14fd73b0e	hash://md5/75ae24a68a2b67c2932cb0f38a4f7e7c
Weinberg, R.	1954	The chromosomes of Drosophila macrospina and comparisons of the chromosome elements with other species.	The University of Texas Publication	Journal article	5422		153-162		10772766	https://doi.org/10.5281/zenodo.10772766	urn:lsid:taxodros.uzh.ch:id:weinberg%2C%201954	hash://md5/bd1e1b036454178a3c9d3598ba99dbea	hash://md5/75ae24a68a2b67c2932cb0f38a4f7e7c
Wertheim, B. | Marchais, J. | Vet, L.E.M. | Dicke, M.	2002	Allee effect in larval resource exploitation in Drosophila: an interaction among density of adults, larvae, and micro-organisms.	Ecological Entomology	Journal article	27		608-617		10772849	https://doi.org/10.5281/zenodo.10772849	urn:lsid:taxodros.uzh.ch:id:wertheim%20et%20al.%2C%202002b	hash://md5/6d30c6da52f3bce9cf64c4da0e3a031c	hash://md5/75ae24a68a2b67c2932cb0f38a4f7e7c
Watabe, H. | Toribe, N.	1996	A new synonym of Drosophila polychaeta, with the results of cross experiments. (Abstract)	Zoological Science (Zoological Society of Japan)	Journal article	13	Suppl.	35		10772568	https://doi.org/10.5281/zenodo.10772568	urn:lsid:taxodros.uzh.ch:id:watabe%20%26%20toribe%2C%201996	hash://md5/9805ef040a5e13268dca893669e99993	hash://md5/75ae24a68a2b67c2932cb0f38a4f7e7c
Willi, Y. | Hoffmann, A.A.	2012	Microgeographic adaptation linked to forest fragmentation and habitat quality in the tropical fruit fly Drosophila birchii.	Oikos (Acta oecologica scandinavica)	Journal article	121		1627-1637	https://doi.org/10.1111/j.1600-0706.2011.20156.x	10773128		urn:lsid:taxodros.uzh.ch:id:willi%20%26%20hoffmann%2C%202012	hash://md5/b8d2386cbff0505a67bbf4c1e222989c	hash://md5/75ae24a68a2b67c2932cb0f38a4f7e7c
Watabe, H.-a. | Liang, X.C. | Zhang, W.X.	1990	The Drosophila polychaeta and the D. quadrisetata Species-Groups (Diptera: Drosophilidae) from Yunnan Province, Southern China.	Zoological Science (Zoological Society of Japan)	Journal article	7		459-467		10772580	https://doi.org/10.5281/zenodo.10772580	urn:lsid:taxodros.uzh.ch:id:watabe%20et%20al.%2C%201990b	hash://md5/e375882ee494c6d8bae046a515ef5696	hash://md5/75ae24a68a2b67c2932cb0f38a4f7e7c
Wang, Y.-L. | Peng, Z.-Q. | Jin, F.-L. | Chen, H.-W. | Huang, J.	2023	Integrative species delimitation in the morphologically conservative Stegana subgen. Orthostegana (Diptera, Drosophilidae).	Arthropod Systematics and Phylogeny	Journal article	81		581Ð610	https://doi.org/10.3897/asp.81.e102683	10778999		urn:lsid:taxodros.uzh.ch:id:wang%20et%20al.%2C%202023	hash://md5/daa0aa6e9e3297df72b63ffac1c37c55	hash://md5/75ae24a68a2b67c2932cb0f38a4f7e7c
Werner, T. | Koshikawa, S. | Williams, T.M. | Carroll, S.B.	2010	Generation of a novel wing colour pattern by the Wingless morphogen.	Nature	Journal article	464		1143-1149		10772824	https://doi.org/10.5281/zenodo.10772824	urn:lsid:taxodros.uzh.ch:id:werner%20et%20al.%2C%202010	hash://md5/35ad3fd1915c6ab681610be2350233eb	hash://md5/75ae24a68a2b67c2932cb0f38a4f7e7c
Watada, M. | Matsumoto, M. | Kondo, M. | Kimura, M.T.	2011	Taxonomic study of the Drosophila auraria species complex (Diptera: Drosophilidae) with description of a new species.	Entomological Science	Journal article	14		392-398	https://doi.org/10.1111/j.1479-8298.2011.00461.x	10772644		urn:lsid:taxodros.uzh.ch:id:watada%20et%20al.%2C%202011	hash://md5/cb6cc914218698de54e6a94671d90026	hash://md5/75ae24a68a2b67c2932cb0f38a4f7e7c
Wollmann, J.	2019	Evaluation of food baits to capture Drosophila suzukii in the southern of Brazil.	Anais Acad. bras. Cienc.	Journal article	91	2e20180375	1-10	https://doi.org/10.1590/0001-3765201920180375	10773366		urn:lsid:taxodros.uzh.ch:id:wollmann%20et%20al.%2C%202019a	hash://md5/ff3a2234d00d184441c32548f5c72a4a	hash://md5/75ae24a68a2b67c2932cb0f38a4f7e7c
Weber, G. | Franzen, J. | Buchs, W.	1997	Beneficial Diptera in Field Crops with Different Inputs of Pesticides and Fertilizers.	Entomolgical Research in Organic Agriculture	Journal article	1997		109-122		10772728	https://doi.org/10.5281/zenodo.10772728	urn:lsid:taxodros.uzh.ch:id:weber%20et%20al.%2C%201997	hash://md5/c56775376c869d99c621ffceb228bdb3	hash://md5/75ae24a68a2b67c2932cb0f38a4f7e7c
Wang, Z.-x. | Hu, Y. | Shen, J.-l. | Wang, K.-c. | Wang, H.-y. | Jiang, B.-l. | Zhao, P. | Wang, Z.-c. | Ding, W. | Wang, F. | Xia, X.-f.	2003	Longitudinal investigation and experimental studies on thelaziasis and the intermediate host of Thelazia callipaeda in Guanghua county of Hubei province. (in Chinese, with English summary).	Chinese J. Epidemiol.	Journal article	24		588-590		10772373	https://doi.org/10.5281/zenodo.10772373	urn:lsid:taxodros.uzh.ch:id:wang%20et%20al.%2C%202003	hash://md5/1234f3f4d1ec17cb529df1f81eae8efe	hash://md5/75ae24a68a2b67c2932cb0f38a4f7e7c
Watabe, H.-a. | Koshi-ishi, I. | Yakushi, F.	1991	Effects of Temperature on Eco-physiological Properties of Domestic Drosophila Species.	Journal of Hokkaido University of Education [Hokkaido Kyoiku Daigaku Kiyo]	Journal article	42	Sect.2B	7-25		10772584	https://doi.org/10.5281/zenodo.10772584	urn:lsid:taxodros.uzh.ch:id:watabe%20et%20al.%2C%201991	hash://md5/a34675f31ed087865a5d5192358fe434	hash://md5/75ae24a68a2b67c2932cb0f38a4f7e7c
Weidmann, U.	1951	Uber den systematischen Wert von Balzhandlungen bei Drosophila.	Revue suisse Zool.	Journal article	58		502-511		10772756	https://doi.org/10.5281/zenodo.10772756	urn:lsid:taxodros.uzh.ch:id:weidmann%2C%201951	hash://md5/400a131d75ab2329fcb06279a76a3dbb	hash://md5/75ae24a68a2b67c2932cb0f38a4f7e7c
Williams, C.E.	1989	Checklist of North American nut-infesting insects and host plants.	Journal of entomological Science	Journal article	24		550-562		10773171	https://doi.org/10.5281/zenodo.10773171	urn:lsid:taxodros.uzh.ch:id:williams%2C%201989	hash://md5/fb6508e68a476151fca1a1c18602e243	hash://md5/75ae24a68a2b67c2932cb0f38a4f7e7c
Wang, L. | Gao, J.-J. | Chen, H.-W.	2013	Ten new species of the subgenus Steganina (Diptera: Drosophilidae: Stegana) from southern China.	Journal of Natural History	Journal article	47		1993-2013	https://doi.org/10.1080/00222933.2012.763055	10778992		urn:lsid:taxodros.uzh.ch:id:wang%20et%20al.%2C%202013	hash://md5/94961483b3f0d1445902ad05de5fcda4	hash://md5/75ae24a68a2b67c2932cb0f38a4f7e7c
Watabe, H.-a.	1985	A Preliminary Study of the Photoperiodic Response of Drosophila lutescens (Diptera: Drosophilidae).	Journal of Hokkaido University of Education [Hokkaido Kyoiku Daigaku Kiyo]	Journal article	36	Sect.2B	17-24		10772620	https://doi.org/10.5281/zenodo.10772620	urn:lsid:taxodros.uzh.ch:id:watabe%2C%201985b	hash://md5/1fba49ba733566391e7363a3b86e496f	hash://md5/75ae24a68a2b67c2932cb0f38a4f7e7c
Ward, R.D.	1974	Alcohol Dehydrogenase in Drosophila melanogaster: Activity Variation in Natural Populations.	Biochemical Genetics	Journal article	12		449-458		10772450	https://doi.org/10.5281/zenodo.10772450	urn:lsid:taxodros.uzh.ch:id:ward%2C%201974	hash://md5/ded8811f883ae7face7fbfc42c1757b0	hash://md5/75ae24a68a2b67c2932cb0f38a4f7e7c
Wheeler, M.R.	1956	Zapriothrica, a new genus based upon Sigaloessa dispar Schiner, 1868 (Diptera, Drosophilidae).	Proceedings of the Entomological Society of Washington	Journal article	58		113-115		10772950	https://doi.org/10.5281/zenodo.10772950	urn:lsid:taxodros.uzh.ch:id:wheeler%2C%201956	hash://md5/1ea7eba65b449532da61936eb3318f60	hash://md5/75ae24a68a2b67c2932cb0f38a4f7e7c
Wiedemann, C.R.W.	1830	Aussereuropaische zweiflugelige Insekten. Zweiter Theil. 648 pp.		Book					10773067	https://doi.org/10.5281/zenodo.10773067	urn:lsid:taxodros.uzh.ch:id:wiedemann%2C%201830a	hash://md5/fa8cf4000b7711d1628a072876f4f041	hash://md5/75ae24a68a2b67c2932cb0f38a4f7e7c
Whiteman, N.K. | Gloss, A.D. | Sackton, T.B. | Groen, S.C. | Humphrey, P.T. | Lapoint, R.T. | Sonderby, I.E. | Halkier, B.A. | Kocks, C. | Susubel, F.M. | Pierce, N.E.	2012	Genes Involved in the Evolution of Herbivory by a Leaf-Mining, Drosophilid fly.	Genom Biology and Evolution	Journal article	4		900-916	https://doi.org/10.1093/gbe/evs063	10773025		urn:lsid:taxodros.uzh.ch:id:whiteman%20et%20al.%2C%202012	hash://md5/d53468559ca074018991965ba92d5007	hash://md5/75ae24a68a2b67c2932cb0f38a4f7e7c
Wilson, A.C.C. | Sunnucks, P. | Barker, J.S.F.	2002	Isolation and characterization of 20 polymorphic microsatellite loci for Scaptodrosophila hibisci.	Molecular Ecology Notes	Journal article	2		242-244		10773221	https://doi.org/10.5281/zenodo.10773221	urn:lsid:taxodros.uzh.ch:id:wilson%20et%20al.%2C%202002	hash://md5/1486d1852714d16c719a385287f4a31a	hash://md5/75ae24a68a2b67c2932cb0f38a4f7e7c
Walker, F.	1853	Insecta Saundersiana, or: Characters of undescribed insects in the collection of W. W. Saunders. Vol. I. Diptera, part 4, pp. 157-414.		Book chapter					10772256	https://doi.org/10.5281/zenodo.10772256	urn:lsid:taxodros.uzh.ch:id:walker%2C%201853a	hash://md5/c7eb247eb4c3232eaa05e17d76f16ec6	hash://md5/75ae24a68a2b67c2932cb0f38a4f7e7c
Wigan, L.G.	1949	The Distribution of Polygenic Activity on the X Chromosome of Drosophila melanogaster.	Heredity	Journal article	3		53-66		10773079	https://doi.org/10.5281/zenodo.10773079	urn:lsid:taxodros.uzh.ch:id:wigan%2C%201949	hash://md5/7c0427072bd2a436c87bcd5df7a2a38d	hash://md5/75ae24a68a2b67c2932cb0f38a4f7e7c
Wisco, J.J. | Matles, H. | Berrigan, D.	1997	Is the scaling of locomotor performance with body size constant?	Ecological Entomology	Journal article	22		483-486		10773293	https://doi.org/10.5281/zenodo.10773293	urn:lsid:taxodros.uzh.ch:id:wisco%20et%20al.%2C%201997	hash://md5/a68fc98929d05312c26d721a872ec5c6	hash://md5/75ae24a68a2b67c2932cb0f38a4f7e7c
Walker, F.	1849	List of the specimens of dipterous insects of the collection of the British Museum. Part 4, pp. 689-1172.		Book chapter					10772254	https://doi.org/10.5281/zenodo.10772254	urn:lsid:taxodros.uzh.ch:id:walker%2C%201849	hash://md5/556e48d3ea8d3b40ac7342e5a5138416	hash://md5/75ae24a68a2b67c2932cb0f38a4f7e7c
Wakahama, K.-I. | Kitagawa, O.	1972	Evolutionary and genetical studies of the Drosophila nasuta subgroup. II. Karyotypes of Drosophila nasuta collected from the Seychelles Islands.	Japanese Journal of Genetics [Idengaku Zasshi]	Journal article	47		129-131		10772191	https://doi.org/10.5281/zenodo.10772191	urn:lsid:taxodros.uzh.ch:id:wakahama%20%26%20kitagawa%2C%201972	hash://md5/52cf0cf959437c9a3b30a02171065adb	hash://md5/75ae24a68a2b67c2932cb0f38a4f7e7c
Walker, F.	1860	Catalogue of the Dipterous Insects collected in Amboyna by Mr. A. R. Wallace, with Descriptions of New Species.	Journal of the Proceedings of the Linnean Society. Zoology	Journal article	5		144-168		10772270	https://doi.org/10.5281/zenodo.10772270	urn:lsid:taxodros.uzh.ch:id:walker%2C%201860b	hash://md5/1b4c384b3e919705c7d86cdf320b607a	hash://md5/75ae24a68a2b67c2932cb0f38a4f7e7c
Wang, W. | Ling, F.-Y. | Shi, L.-M.	1994	Mitochondrial DNA Polymorphism in Natural Populations of Drosophila albomicans (I).	Science in China	Journal article	37	Ser.B	1329-1340		10772365	https://doi.org/10.5281/zenodo.10772365	urn:lsid:taxodros.uzh.ch:id:wang%20et%20al.%2C%201994a	hash://md5/87863b942552d959e25977cebecd1ac7	hash://md5/75ae24a68a2b67c2932cb0f38a4f7e7c
Weeks, L.	1953	A new criterion for differentiating the two subspecies, Drosophila melanica melanica and Drosophila melanica paramelanica. (Abstract).	Proceedings of the Nebraska Academy of Sciences and Affiliated Societies	Journal article	63		6		10772748	https://doi.org/10.5281/zenodo.10772748	urn:lsid:taxodros.uzh.ch:id:weeks%2C%201953b	hash://md5/65a5ed30e0318c69341cbec9a24a3d29	hash://md5/75ae24a68a2b67c2932cb0f38a4f7e7c
Wiberg, R.A.W. | Tyukmaeva, V. | Hoikkala, A. | Ritchie, M.G. | Kankare, M.	2021	Cold adaptation drives population genomic divergence in the ecological specialist, Drosophila montana.	Molec. Ecol.	Journal article	30		3783Ð3796	https://doi.org/10.1111/mec.16003	10773039		urn:lsid:taxodros.uzh.ch:id:wiberg%20et%20al.%2C%202021	hash://md5/78864eb32004ae0bae53bfa2dfa29653	hash://md5/75ae24a68a2b67c2932cb0f38a4f7e7c
Wasserman, M.	1992	Cytological evolution of the Drosophila repleta species group. In: Krimbas, C.B. & Powell, J.R. (eds), Drosophila Inversion Polymorphism, pp. 455-552.		Book chapter					10772536	https://doi.org/10.5281/zenodo.10772536	urn:lsid:taxodros.uzh.ch:id:wasserman%2C%201992	hash://md5/84817eacad0b1872ddb8bba1f6e3650a	hash://md5/75ae24a68a2b67c2932cb0f38a4f7e7c
Weber, D.	1989	Die Hohlenfauna und -flora des Hohlenkatastergebietes Rheinland-Pfalz/Saarland, 2. Teil.	Abhandlungen zur Karst- und Hohlenkunde	Journal article	23		1-250		10772736	https://doi.org/10.5281/zenodo.10772736	urn:lsid:taxodros.uzh.ch:id:weber%2C%201989	hash://md5/4ae237065be4c9ba0aaf7132362209a3	hash://md5/75ae24a68a2b67c2932cb0f38a4f7e7c
Wegener, C. | Gorbashov, A.	2008	Molecular evolution of neuropeptides in the genus Drosophila.	Genome Biol.	Journal article	9	R131	1-19	https://doi.org/10.1186/gb-2008-9-8-r131	10772750		urn:lsid:taxodros.uzh.ch:id:wegener%20%26%20gorbashov%2C%202008	hash://md5/3b63d8edc9f76604a7038587741c8523	hash://md5/75ae24a68a2b67c2932cb0f38a4f7e7c
Walker, F.	1853	Insecta Britannica. Diptera. Vol. II. 297 pp.		Book					10772258	https://doi.org/10.5281/zenodo.10772258	urn:lsid:taxodros.uzh.ch:id:walker%2C%201853b	hash://md5/93a143e59c635d91ff2bd154322aa51c	hash://md5/75ae24a68a2b67c2932cb0f38a4f7e7c
Wipfler, B. | Schneeberg, K. | Loffler, A. | Hunefeld, F. | Meier, R. | Beutel, R.G.	2013	The skeletomuscular system of the larva of Drosophila melanogaster (Drosophilidae, Diptera) - A contribution to the morphology of a model organism.	Arthropod Structure & Development	Journal article	42		47-68	https://doi.org/10.1016/j.asd.2012.09.005	10773275		urn:lsid:taxodros.uzh.ch:id:wipfler%20et%20al.%2C%202013	hash://md5/a809485d547147a7ddced28b9cb3fd3e	hash://md5/75ae24a68a2b67c2932cb0f38a4f7e7c
Williston, S.W.	1896	A new genus of Hippoboscidae.	Entomological News	Journal article	7		184-185		10773203	https://doi.org/10.5281/zenodo.10773203	urn:lsid:taxodros.uzh.ch:id:williston%2C%201896b	hash://md5/389ba8355d628cf36cdce0a165851713	hash://md5/75ae24a68a2b67c2932cb0f38a4f7e7c
Wahlgren, E.	1927	Daggflugor. Drosophilidae. In: Svensk Insektfauna. 11. Tvavingar. Diptera. Cyclorapha. Schizophora. 22. Fam., pp. 351-368.		Book chapter					10772187	https://doi.org/10.5281/zenodo.10772187	urn:lsid:taxodros.uzh.ch:id:wahlgren%2C%201927	hash://md5/dc3ec51ec66bfb8ce749613442309041	hash://md5/75ae24a68a2b67c2932cb0f38a4f7e7c
Willbrand, B.N. | Pfeiffer, D.G.	2019	Brown Rice Vinegar as an Olfactory Field Attractant for Drosophila suzukii (Matsumura) and Zaprionus indianus Gupta (Diptera: Drosophilidae) in Cherimoya in Maui, Hawaii, with Implications for Attractant Specificity between Species and Estimation of Relative Abundance.	Insects, 2019(10	Journal article	80)		1-19		10773118	https://doi.org/10.5281/zenodo.10773118	urn:lsid:taxodros.uzh.ch:id:willbrand%20%26%20pfeiffer%2C%202019	hash://md5/27e8e41722e86c0b3392c969aa2499cd	hash://md5/75ae24a68a2b67c2932cb0f38a4f7e7c
Wattiaux, J.M.	1968	Cumulative parental age effects in Drosophila subobscura.	Evolution	Journal article	22		406-421		10772706	https://doi.org/10.5281/zenodo.10772706	urn:lsid:taxodros.uzh.ch:id:wattiaux%2C%201968b	hash://md5/120f9b4bfd8b53969ad6f902726bb2e2	hash://md5/75ae24a68a2b67c2932cb0f38a4f7e7c
Wheeler, W.C.	1990	Nucleic acid sequence phylogeny and random outgroups.	Cladistics. The international journal of the Willi Hennig Society	Journal article	6		363-367		10773005	https://doi.org/10.5281/zenodo.10773005	urn:lsid:taxodros.uzh.ch:id:wheeler%2C%201990	hash://md5/7a53e2b4be69d3adbfaed57a9f2abee7	hash://md5/75ae24a68a2b67c2932cb0f38a4f7e7c
Wakahama, K.	1956	A new type belonging to the genus Amiota.	Drosophila Information Service	Journal article	30		157		10772217	https://doi.org/10.5281/zenodo.10772217	urn:lsid:taxodros.uzh.ch:id:wakahama%2C%201956c	hash://md5/d97e0beb337b4612578c369bdd0c4fda	hash://md5/75ae24a68a2b67c2932cb0f38a4f7e7c
Wyman, N.K.	2016	Drosophila suzukii population response to environment and management strategies.	Journal of Pest Science	Journal article	89		663-665	https://doi.org/10.1007/s10340-016-0757-4	10779012		urn:lsid:taxodros.uzh.ch:id:wyman%20et%20al.%2C%202016	hash://md5/e27f0e1a47223e53d6085965a976f2af	hash://md5/75ae24a68a2b67c2932cb0f38a4f7e7c
Whitington, A.E.	2006	Extreme head morphology in Plastotephritinae (Diptera, Platystomatidae), with a proposition of classification of head structures in acalyptrate Diptera.	Instrumenta Biodiversitatis	Journal article	7		61-83		10773037	https://doi.org/10.5281/zenodo.10773037	urn:lsid:taxodros.uzh.ch:id:whittington%2C%202006	hash://md5/5a41fdb07d79928424f703878562c8eb	hash://md5/75ae24a68a2b67c2932cb0f38a4f7e7c
Williams, S.M. | DeSalle, R. | and Strobeck, C.	1985	Homogenization of Geographical Variants at the Nontranscribed Spacer of rDNA in Drosophila mercatorum.	Molecular Biology and Evolution	Journal article	2		338-346		10773144	https://doi.org/10.5281/zenodo.10773144	urn:lsid:taxodros.uzh.ch:id:williams%20et%20al.%2C%201985	hash://md5/8ed660bfcafea13d80266dba2932c6c8	hash://md5/75ae24a68a2b67c2932cb0f38a4f7e7c
Woods, R.E. | Sgro, C.M. | Hercus, M.J. | Hoffmann, A.A.	2002	Fluctuating asymmetry, fecundity and development time in Drosophila: is there an association under optimal and stress conditions?	Journal of Evolutionary Biology	Journal article	15		146-157		10773406	https://doi.org/10.5281/zenodo.10773406	urn:lsid:taxodros.uzh.ch:id:woods%20et%20al.%2C%202002	hash://md5/821ed8934917c342b62d442592e53fb6	hash://md5/75ae24a68a2b67c2932cb0f38a4f7e7c
Wang, J. | Zheng, Y. | Fan, L. | Wang, W.	2022	Surveys of Drosophila suzukii (Diptera: Drosophilidae) and Its Host Fruits and Associated Parasitoids in Northeastern China.	Insects	Journal article	13	390	1-13	https://doi.org/10.3390/insects13040390	10772425		urn:lsid:taxodros.uzh.ch:id:wang%20et%20al.%2C%202022b	hash://md5/2914e3b000143e07cac4d91eca410082	hash://md5/75ae24a68a2b67c2932cb0f38a4f7e7c
Wheeler, M.R.	1947	The insemination reaction in intraspecific matings of Drosophila.	The University of Texas Publication	Journal article	4720		78-115		10772931	https://doi.org/10.5281/zenodo.10772931	urn:lsid:taxodros.uzh.ch:id:wheeler%2C%201947	hash://md5/31d31f38b9c5541afdc48bc48213f677	hash://md5/75ae24a68a2b67c2932cb0f38a4f7e7c
Wang, X. | Hogg, B.N. | Hougardy, E. | Nance, A.H. | Daane, K.M.	2019	Potential competitive outcomes among three solitary larval endoparasitoids as candidate agents for classical biological control of Drosophila suzukii.	Biological Control; Theory and applications in pest management	Journal article	130		18-26	https://doi.org/10.1016/j.biocontrol.2018.12.003	10772403		urn:lsid:taxodros.uzh.ch:id:wang%20et%20al.%2C%202019e	hash://md5/b036a53a9366654234a6e9ce3054be55	hash://md5/75ae24a68a2b67c2932cb0f38a4f7e7c
Wasserman, M.	1982	Evolution of the repleta group. In: Ashburner, M., Carson, H.L., & Thompson, J.N. (eds), The Genetics and Biology of Drosophila, vol. 3b, pp. 61-139.		Book chapter					10772532	https://doi.org/10.5281/zenodo.10772532	urn:lsid:taxodros.uzh.ch:id:wasserman%2C%201982a	hash://md5/eda73688cdf76b888e5e74bad38d2184	hash://md5/75ae24a68a2b67c2932cb0f38a4f7e7c
Wheeler, M.R.	1954	Taxonomic studies on American Drosophilidae.	The University of Texas Publication	Journal article	5422		47-64		10772948	https://doi.org/10.5281/zenodo.10772948	urn:lsid:taxodros.uzh.ch:id:wheeler%2C%201954	hash://md5/8b710d074c6bdcc53261594e67ca5aa2	hash://md5/75ae24a68a2b67c2932cb0f38a4f7e7c
Worthen, W.B.	1996	Latitudinal variation in developmental time and mass in Drosophila melanogaster.	Evolution	Journal article	50		2523-2529		10773436	https://doi.org/10.5281/zenodo.10773436	urn:lsid:taxodros.uzh.ch:id:worthen%2C%201996	hash://md5/456e3b90d891404d3fc2dfb5c9c413dc	hash://md5/75ae24a68a2b67c2932cb0f38a4f7e7c
Wallingford, A.K. | Lee, J.C. | Loeb, G.M.	2016	The influence of temperature and photoperiod on the reproductive diapause and cold tolerance of spotted-wing drosophila, Drosophila suzukii.	Entomologia Experimentalis et Applicata	Journal article	159		327-337	https://doi.org/10.1111/eea.12443	10772325		urn:lsid:taxodros.uzh.ch:id:wallingford%20et%20al.%2C%202016c	hash://md5/f427cb37770e6bc551175f4f9d03790d	hash://md5/75ae24a68a2b67c2932cb0f38a4f7e7c
Wang, Y. | Ferveur, J.-F. | Moussian, B.	2021	Eco-genetics of desiccation resistance in Drosophila.	Biological Reviews of the Cambridge Philosophical Society	Journal article	96		1421Ð1440	https://doi.org/10.1111/brv.12709	10772413		urn:lsid:taxodros.uzh.ch:id:wang%20et%20al.%2C%202021a	hash://md5/ccd49307a196cf3e33806c9e7818ca22	hash://md5/75ae24a68a2b67c2932cb0f38a4f7e7c
Weiser, J.	1961	Die Mikrosporidien als Parasiten der Insekten.	Monographien zur Angewandtle Entomologie	Journal article	17		1-149		10772776	https://doi.org/10.5281/zenodo.10772776	urn:lsid:taxodros.uzh.ch:id:weiser%2C%201961	hash://md5/f19678df7dfc2035e66045693c05c656	hash://md5/75ae24a68a2b67c2932cb0f38a4f7e7c
Williamson, D.L. | Poulson, D.F.	1979	Sex ratio organisms (Spiroplasmas) of Drosophila. In: Whitcomb, R., & Tully, J. (eds), The Mycoplasmas. Vol. III, pp. 175-208.		Book chapter					10773179	https://doi.org/10.5281/zenodo.10773179	urn:lsid:taxodros.uzh.ch:id:williamson%20%26%20poulson%2C%201979	hash://md5/a0db89c45853f17a81d190aedcc63cf9	hash://md5/75ae24a68a2b67c2932cb0f38a4f7e7c
Winston, P.W.	1956	The acorn microsere, with special reference to arthropods.	Ecology	Journal article	37		120-132		10773273	https://doi.org/10.5281/zenodo.10773273	urn:lsid:taxodros.uzh.ch:id:winston%2C%201956	hash://md5/042dcb6f520d01f309ab4d3003f0314c	hash://md5/75ae24a68a2b67c2932cb0f38a4f7e7c
Williams, S.M.	1985	The maintenance of polymorphism owing to differences in developmental time and competition.	Canadian Journal of Genetics and Cytology [Journal canadien de genetique et de cytologie]	Journal article	27		328-333		10773169	https://doi.org/10.5281/zenodo.10773169	urn:lsid:taxodros.uzh.ch:id:williams%2C%201985	hash://md5/f2aeeb18676286d0f603150e639d39ed	hash://md5/75ae24a68a2b67c2932cb0f38a4f7e7c
Wakahama, K.-I.	1960	Notes on the Geographical Distribution of Drosophilid Flies in Matsue City and its Adjacent Localities.	Kaigaku jisshunen kinen ronbunshu [Collection of essays in commemoration of the tenth anniversary (1959) of Shimane University]	Journal article	9	nat.Sci.	118-120		10772224	https://doi.org/10.5281/zenodo.10772224	urn:lsid:taxodros.uzh.ch:id:wakahama%2C%201960	hash://md5/4305d40ae7f641e58c0ff0c1870d3515	hash://md5/75ae24a68a2b67c2932cb0f38a4f7e7c
Wheeler, M.R.	1986	Additions to the Catalog of the World's Drosophilidae. In: Ashburner, M., Carson, H.E., & Thompson, J.N. (eds), The Genetics and Biology of Drosophila, vol. 3e, pp. 395-409.		Book chapter					10773001	https://doi.org/10.5281/zenodo.10773001	urn:lsid:taxodros.uzh.ch:id:wheeler%2C%201986	hash://md5/6b19909474bebd2c6e9d803a50b460d9	hash://md5/75ae24a68a2b67c2932cb0f38a4f7e7c
Wisotzkey, R.G. | Carson, H.L.	1986	Sperm predominance in Drosophila silvestris. (Abstract).	Genetics	Journal article	113		s46		10773299	https://doi.org/10.5281/zenodo.10773299	urn:lsid:taxodros.uzh.ch:id:wisotzkey%20%26%20carson%2C%201986	hash://md5/cbd412473e54851178d1ebcbb6c67df4	hash://md5/75ae24a68a2b67c2932cb0f38a4f7e7c
Williams, F.X.	1939	Biological Studies in Hawaiian Water-Loving Insects. Part III. Diptera or Flies. B. Asteiidae, Syrphidae and Dolichopodidae.	Proceedings of the Hawaiian Entomological Society	Journal article	10		281-315		10773160	https://doi.org/10.5281/zenodo.10773160	urn:lsid:taxodros.uzh.ch:id:williams%2C%201939	hash://md5/83405a33e5cf60d34afd6e1344b8d11d	hash://md5/75ae24a68a2b67c2932cb0f38a4f7e7c
Wirth, W.W.	1952	Two new Spider Egg Predators from the Hawaiian Islands (Diptera: Drosophilidae).	Proceedings of the Hawaiian Entomological Society	Journal article	14		415-417		10773279	https://doi.org/10.5281/zenodo.10773279	urn:lsid:taxodros.uzh.ch:id:wirth%2C%201952	hash://md5/208bb8f9aba8fb39bed76163060b0439	hash://md5/75ae24a68a2b67c2932cb0f38a4f7e7c
Winn, A.F. | Beaulieu, G. | Petch, C.E. | Maltais, J.A.	1932	A preliminary list of the insects of the province of Quebec. Part II, Diptera.	Report of the Quebec Society for the Protection of Plants	Journal article	24		1-100		10773271	https://doi.org/10.5281/zenodo.10773271	urn:lsid:taxodros.uzh.ch:id:winn%20et%20al.%2C%201932	hash://md5/b308b005daf06d9d8860ba829ea11a71	hash://md5/75ae24a68a2b67c2932cb0f38a4f7e7c
Wasserman, M.	1967	Collections of Drosophila from Central Mexico.	Drosophila Information Service	Journal article	42		67-68		10772524	https://doi.org/10.5281/zenodo.10772524	urn:lsid:taxodros.uzh.ch:id:wasserman%2C%201967	hash://md5/dfbbc0b2a077fb612b4a2f1aefe877dd	hash://md5/75ae24a68a2b67c2932cb0f38a4f7e7c
Wu, M. et al.	2004	Phylogenomics of the Reproductive Parasite Wolbachia pipientis wMel: A Streamlined Genome Overrun by Mobile Genetic Elements.	PLoS Biol.	Journal article	2	3_e69	1-15	https://doi.org/10.1371/journal.pbio.0020069	10773460		urn:lsid:taxodros.uzh.ch:id:wu%20et%20al.%2C%202004	hash://md5/66947f4d9c78e459eb1e4a0c38e9cbcc	hash://md5/75ae24a68a2b67c2932cb0f38a4f7e7c
Wallace, A.G. | Detweiler, D. | Schaeffer, S.W.	2011	Evolutionary History of the Third Chromosome Gene Arrangements of Drosophila pseudoobscura Inferred from Inversion Breakpoints.	Molecular Biology and Evolution	Journal article	28		2219-2229	https://doi.org/10.1093/molbev/msr039	10772294		urn:lsid:taxodros.uzh.ch:id:wallace%20et%20al.%2C%202011	hash://md5/6add9f623ea3170c2b1499500f5464f0	hash://md5/75ae24a68a2b67c2932cb0f38a4f7e7c
Wu, C.F.	1940	Catalogus insectorum sinensium (Catalogue of Chinese insects). Vol. v, 524 pp.		Book					10773466	https://doi.org/10.5281/zenodo.10773466	urn:lsid:taxodros.uzh.ch:id:wu%2C%201940	hash://md5/85b89b91c765a7d9583728fb7825ca95	hash://md5/75ae24a68a2b67c2932cb0f38a4f7e7c
Wheeler, M.R.	1960	Sternite modification in males of the Drosophilidae (Diptera).	Annals of the Entomological Society of America	Journal article	53		133-137		10772960	https://doi.org/10.5281/zenodo.10772960	urn:lsid:taxodros.uzh.ch:id:wheeler%2C%201960a	hash://md5/2b9327f2f1ccec1aec2880adf59c8a40	hash://md5/75ae24a68a2b67c2932cb0f38a4f7e7c
Werner, T.	2015	Leopard Spots and Zebra Stripes on Fruit Fly Wings.	Nature Education	Journal article					10772833	https://doi.org/10.5281/zenodo.10772833	urn:lsid:taxodros.uzh.ch:id:werner%2C%202015	hash://md5/1eaf03fe52f8af2a90cdec5169d65527	hash://md5/75ae24a68a2b67c2932cb0f38a4f7e7c
Watabe, H. | Bachmann, L. | Haring, E. | Sperlich, D.	1997	Taxonomic and molecular studies on Drosophila sinobscura and D. hubeiensis, two sibling species of the D. obscura group.	Journal of zoological systematics and evolutionary research	Journal article	35		81-94		10772598	https://doi.org/10.5281/zenodo.10772598	urn:lsid:taxodros.uzh.ch:id:watabe%20et%20al.%2C%201997b	hash://md5/94bb2cfc951b5a44dc0ea3de36a52913	hash://md5/75ae24a68a2b67c2932cb0f38a4f7e7c
Worthen, W.B. | Haney, D.C.	2002	Desiccation Tolerance of Three Mycophagous Drosophila Species.	American Midland Naturalist	Journal article	147		387-392		10773414	https://doi.org/10.5281/zenodo.10773414	urn:lsid:taxodros.uzh.ch:id:worthen%20%26%20haney%2C%202002	hash://md5/bd878dbf1506da8c5cb1c101c709a2ad	hash://md5/75ae24a68a2b67c2932cb0f38a4f7e7c
Williams, T.M. | Selegue, J.E. | Werner, T. | Gompel, N. | Kopp, A. | Carroll, S.B.	2008	The Regulation and Evolution of a Genetic Switch Controlling Sexually Dimorphic Traits in Drosophila.	Cell	Journal article	134		610-623	https://doi.org/10.1016/j.cell.2008.06.052	10773150		urn:lsid:taxodros.uzh.ch:id:williams%20et%20al.%2C%202008	hash://md5/11c322f1de42004330cb241f3d57a3ab	hash://md5/75ae24a68a2b67c2932cb0f38a4f7e7c
Wasserman, M. | Koepfer, H.R.	1975	Fitness of karyotypes in Drosophila pseudoobscura.	Genetics	Journal article	79		113-126		10772480	https://doi.org/10.5281/zenodo.10772480	urn:lsid:taxodros.uzh.ch:id:wasserman%20%26%20koepfer%2C%201975	hash://md5/c9e4d17fcc96787874100f7b4327ae85	hash://md5/75ae24a68a2b67c2932cb0f38a4f7e7c
Willis, J.C. | Burkill, I.H.	1895	Flowers and Insects in Great Britain. Part I.	Annals of Botany	Journal article	9		227-273		10773193	https://doi.org/10.5281/zenodo.10773193	urn:lsid:taxodros.uzh.ch:id:willis%20%26%20burkill%2C%201895	hash://md5/c9457f8e14fa2d3fdab5dfac72d95b31	hash://md5/75ae24a68a2b67c2932cb0f38a4f7e7c
Werner, T. | Steenwinkel, T. | Jaenike, J.	2020	The Encyclopedia of North American Drosophilids (Volume 2). Drosophilids of the Southeast.		Book					10772829	https://doi.org/10.5281/zenodo.10772829	urn:lsid:taxodros.uzh.ch:id:werner%20et%20al.%2C%202020b	hash://md5/7510046cbeee1465f93e8e2e5cc4aade	hash://md5/75ae24a68a2b67c2932cb0f38a4f7e7c
Ward, C.L.	1952	Chromosome variation in Drosophila melanica.	The University of Texas Publication	Journal article	5204		137-157		10772448	https://doi.org/10.5281/zenodo.10772448	urn:lsid:taxodros.uzh.ch:id:ward%2C%201952	hash://md5/baf8dbfe7b7a1a1fdd9896bd96369eb2	hash://md5/75ae24a68a2b67c2932cb0f38a4f7e7c
Withers, P.	1994	Deux especes d'Amiota du sous-genre Phortica nouvelles pour la France (Diptera Drosophilidae).	Bulletin mensuel de la Societe linneenne de Lyon	Journal article	63		224		10773307	https://doi.org/10.5281/zenodo.10773307	urn:lsid:taxodros.uzh.ch:id:withers%2C%201994	hash://md5/b7f1555a49c5c4c083d97ee10b178e0f	hash://md5/75ae24a68a2b67c2932cb0f38a4f7e7c
Worthen, W.B. | Haney, D.C.	1999	Temperature tolerance in three mycophagous Drosophila species: relationships with community structure.	Oikos (Acta oecologica scandinavica)	Journal article	86		113-118		10773412	https://doi.org/10.5281/zenodo.10773412	urn:lsid:taxodros.uzh.ch:id:worthen%20%26%20haney%2C%201999	hash://md5/0daea487cea2a8348f7137fed17f8b8e	hash://md5/75ae24a68a2b67c2932cb0f38a4f7e7c
Wheeler, M.R. | Hamilton, N.	1972	Catalog of Drosophila species names, 1959-1971.	The University of Texas Publication	Journal article	7213		257-268		10772896	https://doi.org/10.5281/zenodo.10772896	urn:lsid:taxodros.uzh.ch:id:wheeler%20%26%20hamilton%2C%201972	hash://md5/735d6e00fd6415e9939c0bbdecae1b8a	hash://md5/75ae24a68a2b67c2932cb0f38a4f7e7c
Watabe, H. | Sidorenko, V.S.	1997	Three unrecorded species of drosophilid flies (Diptera: Drosophilidae) from Russia.	Far Eastern Entomologist [Dalnevostotsniy Entomolog]	Journal article	38		8		10772560	https://doi.org/10.5281/zenodo.10772560	urn:lsid:taxodros.uzh.ch:id:watabe%20%26%20sidorenko%2C%201997	hash://md5/92c9ee66438044ad3716a4d87ac53fcd	hash://md5/75ae24a68a2b67c2932cb0f38a4f7e7c
Wallace, B.	1983	The survival of wild type, ebony, and sepia Drosophila melanogaster on PTC.	Zeitschrift fur zoologische Systematik und Evolutionsforschung	Journal article	21		16-26		10772308	https://doi.org/10.5281/zenodo.10772308	urn:lsid:taxodros.uzh.ch:id:wallace%2C%201983	hash://md5/64df87c78e7083c677661c5d402a2e44	hash://md5/75ae24a68a2b67c2932cb0f38a4f7e7c
Woolf, C.M. | Phelps, L.J.	1960	Chromosomal Polymorphism in the Tumorous-Head Strain of Drosophila melanogaster.	Science	Journal article	132		1256-1257		10773410	https://doi.org/10.5281/zenodo.10773410	urn:lsid:taxodros.uzh.ch:id:woolf%20%26%20phelps%2C%201960	hash://md5/af1f7232dd5e071b4da20b32683d7181	hash://md5/75ae24a68a2b67c2932cb0f38a4f7e7c
Westrich, P.	2009	Fliegen (Diptera). In: Nutzniesser und Gegenspieler der Wildbienen.		Book					10772875	https://doi.org/10.5281/zenodo.10772875	urn:lsid:taxodros.uzh.ch:id:westrich%2C%202009	hash://md5/8da32b8ad8bfbbef1f15d508ccb97d48	hash://md5/75ae24a68a2b67c2932cb0f38a4f7e7c
Wolcott, G.N.	1951	The insects of Puerto Rico. Diptera.	Journal of Agriculture of the University of Puerto Rico	Journal article	32	1948	417-532		10773330	https://doi.org/10.5281/zenodo.10773330	urn:lsid:taxodros.uzh.ch:id:wolcott%2C%201951	hash://md5/a08e694b8d84da1c4c99295f6cda9897	hash://md5/75ae24a68a2b67c2932cb0f38a4f7e7c
Wakahama, K.-I.	1964	Some Ecological Studies in Drosophila.	Bulletin of the Shimane University (Natural Science)	Journal article	12	Nat.Sci.	50-122		10772238	https://doi.org/10.5281/zenodo.10772238	urn:lsid:taxodros.uzh.ch:id:wakahama%2C%201964	hash://md5/08717fdfce984f049a0bf5ab64cbb7ad	hash://md5/75ae24a68a2b67c2932cb0f38a4f7e7c
Watanabe, T.K. | Kawanishi, M.	1978	Geographical Distribution of Drosophila simulans in Japan.	Zoological Magazine [Dobutsugaku zasshi]	Journal article	87		109-116		10772648	https://doi.org/10.5281/zenodo.10772648	urn:lsid:taxodros.uzh.ch:id:watanabe%20%26%20kawanishi%2C%201978c	hash://md5/2b8552ec4712b2d3c8f679ca4aae34f5	hash://md5/75ae24a68a2b67c2932cb0f38a4f7e7c
Warren, T.L. | Weir, P.T. | Dickinson, M.H.	2018	Flying Drosophila melanogaster maintain arbitrary but stable headings relative to the angle of polarized light.	Journal of Experimental Biology	Journal article	221	jeb177550	1-12	https://doi.org/10.1242/jeb.177550	10772460		urn:lsid:taxodros.uzh.ch:id:warren%20et%20al.%2C%202018	hash://md5/19b7e95dd9ee63679ea0f0edffc77290	hash://md5/75ae24a68a2b67c2932cb0f38a4f7e7c
